id,flower_class
Image_1.jpg,sunflower
Image_10.jpg,dandelion
Image_100.jpg,daisy
Image_101.jpg,sunflower
Image_102.jpg,daisy
Image_103.jpg,daisy
Image_104.jpg,tulip
Image_105.jpg,sunflower
Image_106.jpg,dandelion
Image_107.jpg,sunflower
Image_108.jpg,daisy
Image_109.jpg,sunflower
Image_11.jpg,sunflower
Image_110.jpg,tulip
Image_111.jpg,dandelion
Image_112.jpg,sunflower
Image_113.jpg,daisy
Image_114.jpg,dandelion
Image_115.jpg,dandelion
Image_116.jpg,sunflower
Image_117.jpg,tulip
Image_118.jpg,tulip
Image_119.jpg,tulip
Image_12.jpg,daisy
Image_120.jpg,dandelion
Image_121.jpg,dandelion
Image_122.jpg,tulip
Image_123.jpg,rose
Image_124.jpg,tulip
Image_125.jpg,dandelion
Image_126.jpg,sunflower
Image_127.jpg,tulip
Image_128.jpg,rose
Image_129.jpg,daisy
Image_13.jpg,dandelion
Image_130.jpg,daisy
Image_131.jpg,dandelion
Image_132.jpg,dandelion
Image_133.jpg,sunflower
Image_134.jpg,rose
Image_135.jpg,rose
Image_136.jpg,dandelion
Image_137.jpg,daisy
Image_138.jpg,tulip
Image_139.jpg,tulip
Image_14.jpg,tulip
Image_140.jpg,dandelion
Image_141.jpg,rose
Image_142.jpg,dandelion
Image_143.jpg,daisy
Image_144.jpg,rose
Image_145.jpg,daisy
Image_146.jpg,daisy
Image_147.jpg,sunflower
Image_148.jpg,rose
Image_149.jpg,tulip
Image_15.jpg,tulip
Image_150.jpg,tulip
Image_151.jpg,dandelion
Image_152.jpg,daisy
Image_153.jpg,tulip
Image_154.jpg,dandelion
Image_155.jpg,tulip
Image_156.jpg,daisy
Image_157.jpg,tulip
Image_158.jpg,dandelion
Image_159.jpg,rose
Image_16.jpg,dandelion
Image_160.jpg,sunflower
Image_161.jpg,tulip
Image_162.jpg,tulip
Image_163.jpg,dandelion
Image_164.jpg,dandelion
Image_165.jpg,tulip
Image_166.jpg,daisy
Image_167.jpg,daisy
Image_168.jpg,tulip
Image_169.jpg,sunflower
Image_17.jpg,rose
Image_170.jpg,dandelion
Image_171.jpg,sunflower
Image_172.jpg,daisy
Image_173.jpg,tulip
Image_174.jpg,rose
Image_175.jpg,sunflower
Image_176.jpg,dandelion
Image_177.jpg,dandelion
Image_178.jpg,dandelion
Image_179.jpg,sunflower
Image_18.jpg,rose
Image_180.jpg,daisy
Image_181.jpg,sunflower
Image_182.jpg,tulip
Image_183.jpg,dandelion
Image_184.jpg,sunflower
Image_185.jpg,tulip
Image_186.jpg,sunflower
Image_187.jpg,sunflower
Image_188.jpg,dandelion
Image_189.jpg,daisy
Image_19.jpg,dandelion
Image_190.jpg,tulip
Image_191.jpg,dandelion
Image_192.jpg,sunflower
Image_193.jpg,dandelion
Image_194.jpg,dandelion
Image_195.jpg,sunflower
Image_196.jpg,sunflower
Image_197.jpg,sunflower
Image_198.jpg,dandelion
Image_199.jpg,tulip
Image_2.jpg,sunflower
Image_20.jpg,dandelion
Image_200.jpg,sunflower
Image_201.jpg,dandelion
Image_202.jpg,rose
Image_203.jpg,rose
Image_204.jpg,dandelion
Image_205.jpg,dandelion
Image_206.jpg,rose
Image_207.jpg,tulip
Image_208.jpg,tulip
Image_209.jpg,rose
Image_21.jpg,dandelion
Image_210.jpg,tulip
Image_211.jpg,tulip
Image_212.jpg,daisy
Image_213.jpg,rose
Image_214.jpg,daisy
Image_215.jpg,tulip
Image_216.jpg,dandelion
Image_217.jpg,daisy
Image_218.jpg,dandelion
Image_219.jpg,daisy
Image_22.jpg,rose
Image_220.jpg,rose
Image_221.jpg,sunflower
Image_222.jpg,rose
Image_223.jpg,dandelion
Image_224.jpg,tulip
Image_225.jpg,dandelion
Image_226.jpg,tulip
Image_227.jpg,dandelion
Image_228.jpg,daisy
Image_229.jpg,dandelion
Image_23.jpg,daisy
Image_230.jpg,tulip
Image_231.jpg,sunflower
Image_232.jpg,dandelion
Image_233.jpg,sunflower
Image_234.jpg,tulip
Image_235.jpg,tulip
Image_236.jpg,sunflower
Image_237.jpg,sunflower
Image_238.jpg,sunflower
Image_239.jpg,daisy
Image_24.jpg,tulip
Image_240.jpg,rose
Image_241.jpg,sunflower
Image_242.jpg,rose
Image_243.jpg,tulip
Image_244.jpg,rose
Image_245.jpg,sunflower
Image_246.jpg,dandelion
Image_247.jpg,tulip
Image_248.jpg,daisy
Image_249.jpg,daisy
Image_25.jpg,sunflower
Image_250.jpg,tulip
Image_251.jpg,dandelion
Image_252.jpg,sunflower
Image_253.jpg,rose
Image_254.jpg,rose
Image_255.jpg,dandelion
Image_256.jpg,daisy
Image_257.jpg,tulip
Image_258.jpg,rose
Image_259.jpg,tulip
Image_26.jpg,dandelion
Image_260.jpg,dandelion
Image_261.jpg,tulip
Image_262.jpg,sunflower
Image_263.jpg,dandelion
Image_264.jpg,tulip
Image_265.jpg,sunflower
Image_266.jpg,daisy
Image_267.jpg,sunflower
Image_268.jpg,sunflower
Image_269.jpg,tulip
Image_27.jpg,daisy
Image_270.jpg,dandelion
Image_271.jpg,tulip
Image_272.jpg,dandelion
Image_273.jpg,tulip
Image_274.jpg,rose
Image_275.jpg,sunflower
Image_276.jpg,rose
Image_277.jpg,daisy
Image_278.jpg,tulip
Image_279.jpg,tulip
Image_28.jpg,rose
Image_280.jpg,tulip
Image_281.jpg,daisy
Image_282.jpg,tulip
Image_283.jpg,sunflower
Image_284.jpg,tulip
Image_285.jpg,dandelion
Image_286.jpg,dandelion
Image_287.jpg,tulip
Image_288.jpg,daisy
Image_289.jpg,tulip
Image_29.jpg,dandelion
Image_290.jpg,tulip
Image_291.jpg,sunflower
Image_292.jpg,sunflower
Image_293.jpg,dandelion
Image_294.jpg,rose
Image_295.jpg,tulip
Image_296.jpg,dandelion
Image_297.jpg,sunflower
Image_298.jpg,dandelion
Image_299.jpg,dandelion
Image_3.jpg,dandelion
Image_30.jpg,sunflower
Image_300.jpg,tulip
Image_301.jpg,sunflower
Image_302.jpg,rose
Image_303.jpg,daisy
Image_304.jpg,rose
Image_305.jpg,dandelion
Image_306.jpg,rose
Image_307.jpg,tulip
Image_308.jpg,dandelion
Image_309.jpg,tulip
Image_31.jpg,dandelion
Image_310.jpg,tulip
Image_311.jpg,sunflower
Image_312.jpg,tulip
Image_313.jpg,dandelion
Image_314.jpg,daisy
Image_315.jpg,rose
Image_316.jpg,daisy
Image_317.jpg,sunflower
Image_318.jpg,dandelion
Image_319.jpg,sunflower
Image_32.jpg,dandelion
Image_320.jpg,dandelion
Image_321.jpg,sunflower
Image_322.jpg,dandelion
Image_323.jpg,dandelion
Image_324.jpg,tulip
Image_325.jpg,sunflower
Image_326.jpg,sunflower
Image_327.jpg,daisy
Image_328.jpg,rose
Image_329.jpg,rose
Image_33.jpg,daisy
Image_330.jpg,tulip
Image_331.jpg,dandelion
Image_332.jpg,dandelion
Image_333.jpg,tulip
Image_334.jpg,dandelion
Image_335.jpg,tulip
Image_336.jpg,dandelion
Image_337.jpg,dandelion
Image_338.jpg,rose
Image_339.jpg,tulip
Image_34.jpg,rose
Image_340.jpg,rose
Image_341.jpg,daisy
Image_342.jpg,tulip
Image_343.jpg,tulip
Image_344.jpg,sunflower
Image_345.jpg,rose
Image_346.jpg,sunflower
Image_347.jpg,tulip
Image_348.jpg,dandelion
Image_349.jpg,sunflower
Image_35.jpg,dandelion
Image_350.jpg,sunflower
Image_351.jpg,dandelion
Image_352.jpg,dandelion
Image_353.jpg,dandelion
Image_354.jpg,tulip
Image_355.jpg,tulip
Image_356.jpg,dandelion
Image_357.jpg,dandelion
Image_358.jpg,dandelion
Image_359.jpg,tulip
Image_36.jpg,daisy
Image_360.jpg,rose
Image_361.jpg,dandelion
Image_362.jpg,dandelion
Image_363.jpg,sunflower
Image_364.jpg,sunflower
Image_365.jpg,sunflower
Image_366.jpg,sunflower
Image_367.jpg,dandelion
Image_368.jpg,sunflower
Image_369.jpg,tulip
Image_37.jpg,tulip
Image_370.jpg,dandelion
Image_371.jpg,tulip
Image_372.jpg,rose
Image_373.jpg,daisy
Image_374.jpg,rose
Image_375.jpg,sunflower
Image_376.jpg,dandelion
Image_377.jpg,tulip
Image_378.jpg,sunflower
Image_379.jpg,sunflower
Image_38.jpg,dandelion
Image_380.jpg,sunflower
Image_381.jpg,sunflower
Image_382.jpg,tulip
Image_383.jpg,sunflower
Image_384.jpg,dandelion
Image_385.jpg,tulip
Image_386.jpg,rose
Image_387.jpg,tulip
Image_388.jpg,rose
Image_389.jpg,tulip
Image_39.jpg,rose
Image_390.jpg,sunflower
Image_391.jpg,sunflower
Image_392.jpg,sunflower
Image_393.jpg,dandelion
Image_394.jpg,tulip
Image_395.jpg,dandelion
Image_396.jpg,dandelion
Image_397.jpg,rose
Image_398.jpg,dandelion
Image_399.jpg,daisy
Image_4.jpg,rose
Image_40.jpg,dandelion
Image_400.jpg,daisy
Image_401.jpg,sunflower
Image_402.jpg,rose
Image_403.jpg,tulip
Image_404.jpg,dandelion
Image_405.jpg,tulip
Image_406.jpg,dandelion
Image_407.jpg,dandelion
Image_408.jpg,daisy
Image_409.jpg,daisy
Image_41.jpg,dandelion
Image_410.jpg,tulip
Image_411.jpg,sunflower
Image_412.jpg,sunflower
Image_413.jpg,rose
Image_414.jpg,dandelion
Image_415.jpg,rose
Image_416.jpg,sunflower
Image_417.jpg,sunflower
Image_418.jpg,rose
Image_419.jpg,dandelion
Image_42.jpg,rose
Image_420.jpg,sunflower
Image_421.jpg,tulip
Image_422.jpg,tulip
Image_423.jpg,dandelion
Image_424.jpg,dandelion
Image_425.jpg,rose
Image_426.jpg,daisy
Image_427.jpg,tulip
Image_428.jpg,sunflower
Image_429.jpg,rose
Image_43.jpg,dandelion
Image_430.jpg,tulip
Image_431.jpg,sunflower
Image_432.jpg,tulip
Image_433.jpg,tulip
Image_434.jpg,dandelion
Image_435.jpg,dandelion
Image_436.jpg,daisy
Image_437.jpg,tulip
Image_438.jpg,tulip
Image_439.jpg,rose
Image_44.jpg,rose
Image_440.jpg,dandelion
Image_441.jpg,rose
Image_442.jpg,tulip
Image_443.jpg,tulip
Image_444.jpg,tulip
Image_445.jpg,tulip
Image_446.jpg,rose
Image_447.jpg,dandelion
Image_448.jpg,tulip
Image_449.jpg,dandelion
Image_45.jpg,rose
Image_450.jpg,tulip
Image_451.jpg,tulip
Image_452.jpg,dandelion
Image_453.jpg,dandelion
Image_454.jpg,rose
Image_455.jpg,sunflower
Image_456.jpg,tulip
Image_457.jpg,daisy
Image_458.jpg,rose
Image_459.jpg,rose
Image_46.jpg,dandelion
Image_460.jpg,daisy
Image_461.jpg,dandelion
Image_462.jpg,tulip
Image_463.jpg,rose
Image_464.jpg,dandelion
Image_465.jpg,dandelion
Image_466.jpg,daisy
Image_467.jpg,dandelion
Image_468.jpg,dandelion
Image_469.jpg,sunflower
Image_47.jpg,sunflower
Image_470.jpg,rose
Image_471.jpg,rose
Image_472.jpg,sunflower
Image_473.jpg,dandelion
Image_474.jpg,dandelion
Image_475.jpg,tulip
Image_476.jpg,dandelion
Image_477.jpg,tulip
Image_478.jpg,daisy
Image_479.jpg,dandelion
Image_48.jpg,sunflower
Image_480.jpg,sunflower
Image_481.jpg,daisy
Image_482.jpg,dandelion
Image_483.jpg,daisy
Image_484.jpg,tulip
Image_485.jpg,daisy
Image_486.jpg,sunflower
Image_487.jpg,dandelion
Image_488.jpg,daisy
Image_489.jpg,sunflower
Image_49.jpg,sunflower
Image_490.jpg,dandelion
Image_491.jpg,tulip
Image_492.jpg,sunflower
Image_493.jpg,sunflower
Image_494.jpg,sunflower
Image_495.jpg,rose
Image_496.jpg,dandelion
Image_497.jpg,daisy
Image_498.jpg,daisy
Image_499.jpg,dandelion
Image_5.jpg,rose
Image_50.jpg,daisy
Image_500.jpg,dandelion
Image_501.jpg,sunflower
Image_502.jpg,tulip
Image_503.jpg,daisy
Image_504.jpg,tulip
Image_505.jpg,dandelion
Image_506.jpg,dandelion
Image_507.jpg,sunflower
Image_508.jpg,sunflower
Image_509.jpg,daisy
Image_51.jpg,dandelion
Image_510.jpg,dandelion
Image_511.jpg,rose
Image_512.jpg,daisy
Image_513.jpg,rose
Image_514.jpg,tulip
Image_515.jpg,daisy
Image_516.jpg,tulip
Image_517.jpg,tulip
Image_518.jpg,sunflower
Image_519.jpg,daisy
Image_52.jpg,dandelion
Image_520.jpg,dandelion
Image_521.jpg,dandelion
Image_522.jpg,tulip
Image_523.jpg,sunflower
Image_524.jpg,tulip
Image_525.jpg,rose
Image_526.jpg,dandelion
Image_527.jpg,tulip
Image_528.jpg,daisy
Image_529.jpg,daisy
Image_53.jpg,sunflower
Image_530.jpg,rose
Image_531.jpg,tulip
Image_532.jpg,sunflower
Image_533.jpg,daisy
Image_534.jpg,sunflower
Image_535.jpg,rose
Image_536.jpg,dandelion
Image_537.jpg,rose
Image_538.jpg,sunflower
Image_539.jpg,sunflower
Image_54.jpg,dandelion
Image_540.jpg,sunflower
Image_541.jpg,daisy
Image_542.jpg,tulip
Image_543.jpg,tulip
Image_544.jpg,dandelion
Image_545.jpg,sunflower
Image_546.jpg,rose
Image_547.jpg,sunflower
Image_548.jpg,sunflower
Image_549.jpg,daisy
Image_55.jpg,dandelion
Image_550.jpg,daisy
Image_551.jpg,sunflower
Image_552.jpg,tulip
Image_553.jpg,dandelion
Image_554.jpg,dandelion
Image_555.jpg,rose
Image_556.jpg,sunflower
Image_557.jpg,tulip
Image_558.jpg,rose
Image_559.jpg,rose
Image_56.jpg,sunflower
Image_560.jpg,sunflower
Image_561.jpg,sunflower
Image_562.jpg,daisy
Image_563.jpg,daisy
Image_564.jpg,sunflower
Image_565.jpg,dandelion
Image_566.jpg,daisy
Image_567.jpg,sunflower
Image_568.jpg,dandelion
Image_569.jpg,tulip
Image_57.jpg,rose
Image_570.jpg,dandelion
Image_571.jpg,rose
Image_572.jpg,sunflower
Image_573.jpg,rose
Image_574.jpg,tulip
Image_575.jpg,dandelion
Image_576.jpg,daisy
Image_577.jpg,tulip
Image_578.jpg,dandelion
Image_579.jpg,dandelion
Image_58.jpg,daisy
Image_580.jpg,tulip
Image_581.jpg,dandelion
Image_582.jpg,daisy
Image_583.jpg,tulip
Image_584.jpg,rose
Image_585.jpg,dandelion
Image_586.jpg,rose
Image_587.jpg,tulip
Image_588.jpg,daisy
Image_589.jpg,rose
Image_59.jpg,sunflower
Image_590.jpg,dandelion
Image_591.jpg,tulip
Image_592.jpg,dandelion
Image_593.jpg,sunflower
Image_594.jpg,dandelion
Image_595.jpg,rose
Image_596.jpg,dandelion
Image_597.jpg,rose
Image_598.jpg,sunflower
Image_599.jpg,sunflower
Image_6.jpg,tulip
Image_60.jpg,sunflower
Image_600.jpg,daisy
Image_601.jpg,dandelion
Image_602.jpg,rose
Image_603.jpg,sunflower
Image_604.jpg,sunflower
Image_605.jpg,daisy
Image_606.jpg,tulip
Image_607.jpg,tulip
Image_608.jpg,dandelion
Image_609.jpg,rose
Image_61.jpg,rose
Image_610.jpg,sunflower
Image_611.jpg,sunflower
Image_612.jpg,tulip
Image_613.jpg,dandelion
Image_614.jpg,dandelion
Image_615.jpg,sunflower
Image_616.jpg,dandelion
Image_617.jpg,tulip
Image_618.jpg,rose
Image_619.jpg,tulip
Image_62.jpg,dandelion
Image_620.jpg,tulip
Image_621.jpg,dandelion
Image_622.jpg,rose
Image_623.jpg,tulip
Image_624.jpg,dandelion
Image_625.jpg,daisy
Image_626.jpg,sunflower
Image_627.jpg,daisy
Image_628.jpg,daisy
Image_629.jpg,sunflower
Image_63.jpg,dandelion
Image_630.jpg,sunflower
Image_631.jpg,rose
Image_632.jpg,sunflower
Image_633.jpg,sunflower
Image_634.jpg,dandelion
Image_635.jpg,daisy
Image_636.jpg,daisy
Image_637.jpg,rose
Image_638.jpg,rose
Image_639.jpg,dandelion
Image_64.jpg,dandelion
Image_640.jpg,tulip
Image_641.jpg,tulip
Image_642.jpg,dandelion
Image_643.jpg,tulip
Image_644.jpg,sunflower
Image_645.jpg,sunflower
Image_646.jpg,rose
Image_647.jpg,tulip
Image_648.jpg,tulip
Image_649.jpg,tulip
Image_65.jpg,sunflower
Image_650.jpg,sunflower
Image_651.jpg,rose
Image_652.jpg,rose
Image_653.jpg,sunflower
Image_654.jpg,daisy
Image_655.jpg,tulip
Image_656.jpg,daisy
Image_657.jpg,tulip
Image_658.jpg,rose
Image_659.jpg,tulip
Image_66.jpg,dandelion
Image_660.jpg,tulip
Image_661.jpg,daisy
Image_662.jpg,daisy
Image_663.jpg,daisy
Image_664.jpg,sunflower
Image_665.jpg,tulip
Image_666.jpg,dandelion
Image_667.jpg,dandelion
Image_668.jpg,dandelion
Image_669.jpg,tulip
Image_67.jpg,daisy
Image_670.jpg,dandelion
Image_671.jpg,rose
Image_672.jpg,daisy
Image_673.jpg,sunflower
Image_674.jpg,rose
Image_675.jpg,sunflower
Image_676.jpg,dandelion
Image_677.jpg,rose
Image_678.jpg,sunflower
Image_679.jpg,daisy
Image_68.jpg,dandelion
Image_680.jpg,rose
Image_681.jpg,sunflower
Image_682.jpg,daisy
Image_683.jpg,dandelion
Image_684.jpg,sunflower
Image_685.jpg,daisy
Image_686.jpg,rose
Image_687.jpg,daisy
Image_688.jpg,dandelion
Image_689.jpg,tulip
Image_69.jpg,tulip
Image_690.jpg,dandelion
Image_691.jpg,tulip
Image_692.jpg,daisy
Image_693.jpg,tulip
Image_694.jpg,dandelion
Image_695.jpg,dandelion
Image_696.jpg,tulip
Image_697.jpg,tulip
Image_698.jpg,dandelion
Image_699.jpg,tulip
Image_7.jpg,dandelion
Image_70.jpg,tulip
Image_700.jpg,sunflower
Image_701.jpg,dandelion
Image_702.jpg,rose
Image_703.jpg,sunflower
Image_704.jpg,daisy
Image_705.jpg,rose
Image_706.jpg,sunflower
Image_707.jpg,dandelion
Image_708.jpg,daisy
Image_709.jpg,rose
Image_71.jpg,daisy
Image_710.jpg,daisy
Image_711.jpg,dandelion
Image_712.jpg,dandelion
Image_713.jpg,rose
Image_714.jpg,dandelion
Image_715.jpg,sunflower
Image_716.jpg,daisy
Image_717.jpg,sunflower
Image_718.jpg,daisy
Image_719.jpg,dandelion
Image_72.jpg,tulip
Image_720.jpg,sunflower
Image_721.jpg,sunflower
Image_722.jpg,dandelion
Image_723.jpg,tulip
Image_724.jpg,tulip
Image_725.jpg,dandelion
Image_726.jpg,sunflower
Image_727.jpg,dandelion
Image_728.jpg,daisy
Image_729.jpg,tulip
Image_73.jpg,tulip
Image_730.jpg,tulip
Image_731.jpg,rose
Image_732.jpg,sunflower
Image_733.jpg,rose
Image_734.jpg,rose
Image_735.jpg,sunflower
Image_736.jpg,dandelion
Image_737.jpg,dandelion
Image_738.jpg,rose
Image_739.jpg,sunflower
Image_74.jpg,sunflower
Image_740.jpg,dandelion
Image_741.jpg,rose
Image_742.jpg,rose
Image_743.jpg,rose
Image_744.jpg,dandelion
Image_745.jpg,sunflower
Image_746.jpg,dandelion
Image_747.jpg,rose
Image_748.jpg,sunflower
Image_749.jpg,tulip
Image_75.jpg,dandelion
Image_750.jpg,dandelion
Image_751.jpg,sunflower
Image_752.jpg,rose
Image_753.jpg,dandelion
Image_754.jpg,rose
Image_755.jpg,dandelion
Image_756.jpg,tulip
Image_757.jpg,daisy
Image_758.jpg,sunflower
Image_759.jpg,sunflower
Image_76.jpg,sunflower
Image_760.jpg,daisy
Image_761.jpg,dandelion
Image_762.jpg,rose
Image_763.jpg,tulip
Image_764.jpg,tulip
Image_765.jpg,rose
Image_766.jpg,daisy
Image_767.jpg,daisy
Image_768.jpg,dandelion
Image_769.jpg,tulip
Image_77.jpg,tulip
Image_770.jpg,tulip
Image_771.jpg,dandelion
Image_772.jpg,rose
Image_773.jpg,tulip
Image_774.jpg,rose
Image_775.jpg,tulip
Image_776.jpg,dandelion
Image_777.jpg,tulip
Image_778.jpg,tulip
Image_779.jpg,tulip
Image_78.jpg,dandelion
Image_780.jpg,sunflower
Image_781.jpg,tulip
Image_782.jpg,rose
Image_783.jpg,tulip
Image_784.jpg,daisy
Image_785.jpg,tulip
Image_786.jpg,rose
Image_787.jpg,tulip
Image_788.jpg,dandelion
Image_789.jpg,dandelion
Image_79.jpg,tulip
Image_790.jpg,dandelion
Image_791.jpg,tulip
Image_792.jpg,daisy
Image_793.jpg,tulip
Image_794.jpg,dandelion
Image_795.jpg,sunflower
Image_796.jpg,sunflower
Image_797.jpg,tulip
Image_798.jpg,sunflower
Image_799.jpg,rose
Image_8.jpg,daisy
Image_80.jpg,dandelion
Image_800.jpg,dandelion
Image_801.jpg,sunflower
Image_802.jpg,daisy
Image_803.jpg,rose
Image_804.jpg,sunflower
Image_805.jpg,sunflower
Image_806.jpg,tulip
Image_807.jpg,sunflower
Image_808.jpg,sunflower
Image_809.jpg,tulip
Image_81.jpg,tulip
Image_810.jpg,daisy
Image_811.jpg,sunflower
Image_812.jpg,sunflower
Image_813.jpg,rose
Image_814.jpg,tulip
Image_815.jpg,sunflower
Image_816.jpg,sunflower
Image_817.jpg,sunflower
Image_818.jpg,dandelion
Image_819.jpg,sunflower
Image_82.jpg,tulip
Image_820.jpg,tulip
Image_821.jpg,tulip
Image_822.jpg,sunflower
Image_823.jpg,tulip
Image_824.jpg,rose
Image_825.jpg,tulip
Image_826.jpg,daisy
Image_827.jpg,sunflower
Image_828.jpg,rose
Image_829.jpg,dandelion
Image_83.jpg,dandelion
Image_830.jpg,dandelion
Image_831.jpg,rose
Image_832.jpg,sunflower
Image_833.jpg,daisy
Image_834.jpg,sunflower
Image_835.jpg,sunflower
Image_836.jpg,dandelion
Image_837.jpg,tulip
Image_838.jpg,tulip
Image_839.jpg,sunflower
Image_84.jpg,tulip
Image_840.jpg,tulip
Image_841.jpg,daisy
Image_842.jpg,sunflower
Image_843.jpg,dandelion
Image_844.jpg,tulip
Image_845.jpg,dandelion
Image_846.jpg,tulip
Image_847.jpg,sunflower
Image_848.jpg,sunflower
Image_849.jpg,dandelion
Image_85.jpg,dandelion
Image_850.jpg,dandelion
Image_851.jpg,rose
Image_852.jpg,tulip
Image_853.jpg,dandelion
Image_854.jpg,rose
Image_855.jpg,dandelion
Image_856.jpg,dandelion
Image_857.jpg,dandelion
Image_858.jpg,dandelion
Image_859.jpg,daisy
Image_86.jpg,dandelion
Image_860.jpg,rose
Image_861.jpg,tulip
Image_862.jpg,sunflower
Image_863.jpg,sunflower
Image_864.jpg,daisy
Image_865.jpg,daisy
Image_866.jpg,sunflower
Image_867.jpg,dandelion
Image_868.jpg,sunflower
Image_869.jpg,dandelion
Image_87.jpg,tulip
Image_870.jpg,tulip
Image_871.jpg,dandelion
Image_872.jpg,dandelion
Image_873.jpg,tulip
Image_874.jpg,sunflower
Image_875.jpg,tulip
Image_876.jpg,tulip
Image_877.jpg,sunflower
Image_878.jpg,daisy
Image_879.jpg,sunflower
Image_88.jpg,tulip
Image_880.jpg,sunflower
Image_881.jpg,rose
Image_882.jpg,sunflower
Image_883.jpg,sunflower
Image_884.jpg,dandelion
Image_885.jpg,sunflower
Image_886.jpg,rose
Image_887.jpg,rose
Image_888.jpg,daisy
Image_889.jpg,sunflower
Image_89.jpg,dandelion
Image_890.jpg,sunflower
Image_891.jpg,daisy
Image_892.jpg,dandelion
Image_893.jpg,dandelion
Image_894.jpg,dandelion
Image_895.jpg,dandelion
Image_896.jpg,tulip
Image_897.jpg,sunflower
Image_898.jpg,dandelion
Image_899.jpg,dandelion
Image_9.jpg,sunflower
Image_90.jpg,tulip
Image_900.jpg,dandelion
Image_901.jpg,daisy
Image_902.jpg,daisy
Image_903.jpg,sunflower
Image_904.jpg,sunflower
Image_905.jpg,rose
Image_906.jpg,dandelion
Image_907.jpg,rose
Image_908.jpg,sunflower
Image_909.jpg,daisy
Image_91.jpg,dandelion
Image_910.jpg,dandelion
Image_911.jpg,tulip
Image_912.jpg,rose
Image_913.jpg,sunflower
Image_914.jpg,dandelion
Image_915.jpg,rose
Image_916.jpg,dandelion
Image_917.jpg,tulip
Image_918.jpg,tulip
Image_919.jpg,tulip
Image_92.jpg,sunflower
Image_920.jpg,sunflower
Image_921.jpg,tulip
Image_922.jpg,dandelion
Image_923.jpg,dandelion
Image_924.jpg,daisy
Image_93.jpg,tulip
Image_94.jpg,sunflower
Image_95.jpg,daisy
Image_96.jpg,rose
Image_97.jpg,rose
Image_98.jpg,sunflower
Image_99.jpg,sunflower
